{
  "phase": "run-adjust-export",
  "model_path": "C:\\Users\\Civil\\Documents\\Rio mapocho (no borrar por favor)\\HECRAS2\\prog2\\Edif1\\models\\ED1_PARTE1_WS2_PROG2_20260508_2213.EDB",
  "log_path": "C:\\Users\\Civil\\Documents\\Rio mapocho (no borrar por favor)\\HECRAS2\\prog2\\Edif1\\logs\\ed1_run-adjust-export_20260509_0619.log",
  "json_path": "C:\\Users\\Civil\\Documents\\Rio mapocho (no borrar por favor)\\HECRAS2\\prog2\\Edif1\\logs\\ed1_run-adjust-export_20260509_0619.json",
  "started": "2026-05-09 06:19:41",
  "etabs": {
    "pid": 3920,
    "started_by_script": true,
    "attach_method": "CreateObject+ApplicationStart",
    "version": "21.2.0"
  },
  "run_ok_initial": true,
  "adjust": {
    "ok": true,
    "Tx": 1.105,
    "Ty": 1.094,
    "Rx_star": 8.867313915857606,
    "Ry_star": 8.844850065189048,
    "SFx": 1.1063102189781022,
    "SFy": 1.1091199882075473,
    "rs_cases": {
      "SEx": true,
      "SEy": true,
      "SEx_b2": true,
      "SEy_b2": true
    },
    "torsion": {
      "SEx_ecc_override": true,
      "SEy_ecc_override": true
    },
    "rerun_ok": true,
    "qmin": {
      "mass_x": 1073.3734599999998,
      "w_tonf": 10529.793642599998,
      "qmin_tonf": 737.085554982,
      "qx_sex_tonf": 15.7598,
      "qy_sey_tonf": 16.7965,
      "amp_x": 47.0038314418273,
      "amp_y": 44.1026989406668,
      "qmin_margin": 1.005,
      "sf_x_after_qmin": 52.00081905521777,
      "sf_y_after_qmin": 48.91518492899337,
      "rerun_after_qmin": true,
      "final": {
        "mass_x": 1073.3734599999998,
        "w_tonf": 10529.793642599998,
        "qmin_tonf": 737.085554982,
        "qx_sex_tonf": 18815.6093,
        "qy_sey_tonf": 18815.5317
      },
      "ok": true
    },
    "modal": {
      "periods": [
        1.105,
        1.094,
        1.011,
        0.244,
        0.218,
        0.206,
        0.102,
        0.089,
        0.083,
        0.059,
        0.052,
        0.048,
        0.04,
        0.035,
        0.032,
        0.03,
        0.026,
        0.024,
        0.024,
        0.021,
        0.02,
        0.019,
        0.017,
        0.017,
        0.016,
        0.015,
        0.015,
        0.014,
        0.013,
        0.013,
        0.012,
        0.012,
        0.012,
        0.011,
        0.011,
        0.011,
        0.011,
        0.01,
        0.01,
        0.01,
        0.01,
        0.009,
        0.009,
        0.009,
        0.009,
        0.009,
        0.009,
        0.008,
        0.008,
        0.008,
        0.008,
        0.008,
        0.008,
        0.007,
        0.007,
        0.007,
        0.007,
        0.007,
        0.007,
        0.007
      ],
      "ux": [
        0.3679,
        0.0011,
        0.3069,
        0.1604,
        4.689e-05,
        0.0141,
        0.0628,
        1.808e-06,
        0.0036,
        0.032,
        6.161e-07,
        0.0017,
        0.018,
        2.206e-06,
        0.0009,
        0.0107,
        2.628e-06,
        0.0012,
        0.006,
        2.367e-06,
        0.0044,
        0.0001,
        2.431e-06,
        0.0028,
        0.0001,
        0.0018,
        0.0,
        0.0001,
        0.0012,
        0.0,
        0.0008,
        3.441e-05,
        0.0,
        0.0005,
        4.872e-05,
        0.0003,
        0.0,
        0.0002,
        7.695e-06,
        0.0,
        0.0001,
        0.0001,
        0.0,
        7.646e-06,
        4.437e-05,
        2.074e-05,
        5.163e-06,
        0.0,
        3.11e-06,
        0.0,
        1.908e-06,
        0.0,
        0.0,
        1.125e-06,
        0.0,
        0.0,
        6.314e-07,
        0.0,
        0.0,
        0.0
      ],
      "uy": [
        0.0009,
        0.6485,
        0.0069,
        0.0001,
        0.1933,
        3.702e-05,
        6.791e-06,
        0.067,
        1.583e-05,
        5.04e-07,
        0.0329,
        3.476e-05,
        0.0,
        0.0184,
        3.802e-05,
        0.0,
        0.0112,
        3.36e-05,
        0.0,
        0.0071,
        7.807e-07,
        2.667e-05,
        0.0046,
        8.944e-07,
        2.053e-05,
        0.0,
        0.003,
        1.507e-05,
        0.0,
        0.002,
        0.0,
        1.071e-05,
        0.0013,
        0.0,
        7.385e-06,
        0.0,
        0.0009,
        0.0,
        6.821e-06,
        0.0006,
        0.0,
        0.0,
        0.0004,
        2.972e-06,
        0.0,
        0.0,
        0.0,
        0.0003,
        1.975e-06,
        0.0002,
        1.257e-06,
        0.0001,
        0.0001,
        7.052e-07,
        2.293e-05,
        5.673e-06,
        0.0,
        0.0,
        0.0,
        0.0
      ],
      "sum_ux": [
        0.3679,
        0.369,
        0.6759,
        0.8363,
        0.8363,
        0.8504,
        0.9133,
        0.9133,
        0.9169,
        0.9489,
        0.9489,
        0.9506,
        0.9686,
        0.9686,
        0.9696,
        0.9803,
        0.9803,
        0.9814,
        0.9874,
        0.9874,
        0.9918,
        0.9919,
        0.9919,
        0.9947,
        0.9948,
        0.9966,
        0.9966,
        0.9966,
        0.9978,
        0.9978,
        0.9986,
        0.9986,
        0.9986,
        0.9991,
        0.9992,
        0.9995,
        0.9995,
        0.9997,
        0.9997,
        0.9997,
        0.9998,
        0.9999,
        0.9999,
        0.9999,
        1.0,
        1.0,
        1.0,
        1.0,
        1.0,
        1.0,
        1.0,
        1.0,
        1.0,
        1.0,
        1.0,
        1.0,
        1.0,
        1.0,
        1.0,
        1.0
      ],
      "sum_uy": [
        0.0009,
        0.6494,
        0.6563,
        0.6564,
        0.8497,
        0.8498,
        0.8498,
        0.9168,
        0.9168,
        0.9168,
        0.9497,
        0.9497,
        0.9497,
        0.9682,
        0.9682,
        0.9682,
        0.9794,
        0.9794,
        0.9794,
        0.9865,
        0.9865,
        0.9865,
        0.9911,
        0.9911,
        0.9911,
        0.9911,
        0.9942,
        0.9942,
        0.9942,
        0.9962,
        0.9962,
        0.9962,
        0.9975,
        0.9975,
        0.9975,
        0.9975,
        0.9984,
        0.9984,
        0.9984,
        0.999,
        0.999,
        0.999,
        0.9994,
        0.9994,
        0.9994,
        0.9994,
        0.9994,
        0.9997,
        0.9997,
        0.9998,
        0.9998,
        0.9999,
        1.0,
        1.0,
        1.0,
        1.0,
        1.0,
        1.0,
        1.0,
        1.0
      ]
    }
  },
  "exports": {
    "Modal Participating Mass Ratios": true,
    "Modal Periods And Frequencies": true,
    "Base Reactions": true,
    "Story Forces": true,
    "Story Drifts": true,
    "Mass Source Definition": true,
    "Mass Summary by Story": true,
    "Mass Summary by Diaphragm": true,
    "Centers Of Mass And Rigidity": true,
    "Diaphragm Center Of Mass Displacements": true,
    "Joint Displacements": true
  },
  "completed": "2026-05-09 06:23:00"
}